Model,LC_nonneg_pct,LC_bounded_pct,Mean_dd,Std_dd
Real (Baseline),97.02,96.98,12.09,9.55
CTGAN,100.0,100.0,10.43,4.03
TabDDPM,100.0,100.0,12.170000076293945,9.28
CARI-GAN,100.0,100.0,12.149999618530273,9.29
